{"stat.walkOneCm":23802,"stat.pickup.minecraft.wooden_axe":1,"stat.leaveGame":1,"stat.pickup.minecraft.wooden_pickaxe":1,"stat.pickup.minecraft.crafting_table":1,"stat.damageTaken":70,"stat.mineBlock.minecraft.crafting_table":1,"stat.pickup.minecraft.wooden_shovel":1,"stat.mineBlock.minecraft.torch":1,"stat.mineBlock.minecraft.furnace":1,"stat.useItem.minecraft.wooden_pickaxe":2,"stat.mobKills":1,"stat.flyOneCm":7370,"stat.mineBlock.minecraft.stained_glass_pane":1,"stat.jump":98,"stat.swimOneCm":1358,"stat.playOneMinute":4264,"stat.fallOneCm":2228,"stat.pickup.minecraft.torch":1,"stat.pickup.minecraft.furnace":1,"stat.killEntity.Sheep":1,"stat.pickup.capsule.capsule":2,"stat.sneakTime":299,"stat.pickup.minecraft.wool":2,"stat.damageDealt":50,"stat.crouchOneCm":797,"stat.pickup.minecraft.item_frame":3,"stat.timeSinceDeath":4264,"stat.useItem.minecraft.wooden_axe":3,"stat.sprintOneCm":9479,"stat.diveOneCm":3229,"stat.pickup.minecraft.mutton":4}