{"stat.walkOneCm":12686,"stat.pickup.minecraft.wooden_axe":1,"stat.leaveGame":1,"stat.pickup.minecraft.wooden_pickaxe":1,"stat.pickup.minecraft.crafting_table":1,"stat.damageTaken":20,"stat.mineBlock.minecraft.crafting_table":1,"stat.pickup.minecraft.wooden_shovel":1,"stat.mineBlock.minecraft.torch":1,"stat.mineBlock.minecraft.furnace":1,"stat.useItem.minecraft.wooden_pickaxe":1,"stat.flyOneCm":3530,"stat.mineBlock.minecraft.stained_glass_pane":1,"stat.jump":69,"stat.swimOneCm":823,"stat.playOneMinute":4465,"stat.fallOneCm":1498,"stat.pickup.minecraft.torch":1,"stat.pickup.minecraft.furnace":1,"stat.pickup.capsule.capsule":1,"stat.sneakTime":19,"stat.damageDealt":10,"stat.crouchOneCm":52,"stat.pickup.minecraft.item_frame":2,"stat.timeSinceDeath":4465,"stat.useItem.minecraft.wooden_axe":2,"stat.sprintOneCm":2630,"stat.diveOneCm":4089}